{
	"description": "项目配置文件",
	"packOptions": {
		"ignore": []
	},
	"setting": {
		"urlCheck": false,
		"es6": true,
		"enhance": false,
		"postcss": true,
		"preloadBackgroundData": false,
		"minified": true,
		"newFeature": true,
		"coverView": true,
		"nodeModules": true,
		"autoAudits": false,
		"showShadowRootInWxmlPanel": true,
		"scopeDataCheck": false,
		"uglifyFileName": false,
		"checkInvalidKey": true,
		"checkSiteMap": true,
		"uploadWithSourceMap": true,
		"compileHotReLoad": false,
		"babelSetting": {
			"ignore": [],
			"disablePlugins": [],
			"outputPath": ""
		},
		"useIsolateContext": true,
		"useCompilerModule": true,
		"userConfirmedUseCompilerModuleSwitch": false
	},
	"compileType": "miniprogram",
	"libVersion": "2.11.0",
	"appid": "wxfb5530560c122a78",
	"projectname": "film-recommend",
	"debugOptions": {
		"hidedInDevtools": []
	},
	"isGameTourist": false,
	"simulatorType": "wechat",
	"simulatorPluginLibVersion": {},
	"condition": {
		"search": {
			"current": -1,
			"list": []
		},
		"conversation": {
			"current": -1,
			"list": []
		},
		"plugin": {
			"current": -1,
			"list": []
		},
		"game": {
			"currentL": -1,
			"list": []
		},
		"gamePlugin": {
			"current": -1,
			"list": []
		},
		"miniprogram": {
			"current": -1,
			"list": [
				{
					"id": 0,
					"name": "录音",
					"pathName": "pages/recording/index",
					"query": "voice=https%3A%2F%2Fwww.yuzhangbaize.cn%2Fupload%2Fimages%2F072259cf-b1c5-4431-b2eb-5073639a6ddc.aac",
					"scene": null
				},
				{
					"id": 1,
					"name": "生活小记编辑",
					"pathName": "pages/diary_editing/index",
					"query": "",
					"scene": null
				},
				{
					"id": -1,
					"name": "test",
					"pathName": "pages/test/index",
					"query": "",
					"scene": null
				},
				{
					"id": -1,
					"name": "我的",
					"pathName": "pages/my_home/index",
					"query": "",
					"scene": null
				},
				{
					"id": -1,
					"name": "登录",
					"pathName": "pages/login/index",
					"query": "",
					"scene": null
				},
				{
					"id": -1,
					"name": "个人信息",
					"pathName": "pages/my_info/index",
					"query": "",
					"scene": null
				},
				{
					"id": 6,
					"name": "生活小记",
					"pathName": "pages/diary/index",
					"query": "uid=1258698633732427777",
					"scene": null
				},
				{
					"id": 7,
					"name": "小记详情",
					"pathName": "pages/diary_detail/index",
					"query": "id=1260957928431816706",
					"scene": null
				},
				{
					"id": 8,
					"name": "话题详情",
					"pathName": "pages/topic_detail/index",
					"query": "id=1263439524334407681",
					"scene": null
				},
				{
					"id": 9,
					"name": "评论详情",
					"pathName": "pages/comment_details/index",
					"query": "id=1262365090265698306&target_id=1261857310345793539&target_type=topic",
					"scene": null
				},
				{
					"id": -1,
					"name": "话题收藏",
					"pathName": "pages/my_collect_topic/index",
					"query": "id=1260957928431816706",
					"scene": null
				},
				{
					"id": -1,
					"name": "我发布的话题",
					"pathName": "pages/my_issue_topic/index",
					"query": "id=1260957928431816706",
					"scene": null
				},
				{
					"id": -1,
					"name": "about_us",
					"pathName": "pages/about_us/index",
					"query": "",
					"scene": null
				},
				{
					"id": 13,
					"name": "电影推荐",
					"pathName": "pages/movie_recommend/index",
					"query": "",
					"scene": null
				},
				{
					"id": -1,
					"name": "电影详情",
					"pathName": "pages/movie_detail/index",
					"query": "id=30244174",
					"scene": null
				}
			]
		}
	}
}